{"v":{"0":73037.0,"1":44551.0,"2":116122.0,"3":66888.0,"4":115791.0,"5":154303.0,"6":34915.0,"7":168832.0,"8":37385.0,"9":265081.0,"10":369.0,"11":611019.0,"12":829.0,"13":185138.0,"14":46658.0,"15":113980.0,"16":136644.0,"17":222686.0,"18":284904.0,"19":65515.0,"20":384526.0,"21":57429.0,"22":100.0,"23":240103.0,"24":25056.0,"25":700.0,"26":641980.0,"27":950.0,"28":133814.0},"vw":{"0":0.9944,"1":0.996,"2":1.0037,"3":1.0021,"4":0.991,"5":0.9856,"6":0.9813,"7":0.9777,"8":0.9745,"9":0.9711,"10":0.9615,"11":0.9405,"12":0.9653,"13":0.9561,"14":0.9405,"15":0.9441,"16":0.9654,"17":0.9787,"18":1.0204,"19":0.9997,"20":0.966,"21":0.9571,"22":0.9879,"23":0.9728,"24":0.9627,"25":0.9786,"26":0.9405,"27":0.95,"28":0.9339},"o":{"0":0.9966,"1":1.02,"2":0.9961,"3":1.01,"4":0.995,"5":0.9899,"6":0.9825,"7":0.9714,"8":0.97,"9":0.9729,"10":0.96,"11":0.96,"12":0.989,"13":0.94,"14":0.94,"15":0.944,"16":0.94,"17":0.9701,"18":0.97,"19":1.0057,"20":0.99,"21":0.9542,"22":0.9879,"23":0.9888,"24":0.96365,"25":0.9786,"26":0.9737,"27":0.95,"28":0.95},"c":{"0":0.9907,"1":1.0,"2":0.9977,"3":0.9975,"4":0.99,"5":0.9807,"6":0.9777,"7":0.97,"8":0.973,"9":0.9605,"10":0.9601,"11":0.934,"12":0.93,"13":0.958,"14":0.94415,"15":0.9596,"16":0.9601,"17":0.99,"18":1.0083,"19":1.0,"20":0.9525,"21":0.956,"22":0.9879,"23":0.96,"24":0.96,"25":0.9786,"26":0.945,"27":0.95,"28":0.95},"h":{"0":1.0,"1":1.02,"2":1.01,"3":1.02,"4":0.998,"5":0.9998,"6":0.989,"7":0.9937,"8":0.98,"9":0.9979,"10":0.9637,"11":0.98,"12":0.99,"13":0.97,"14":0.964466,"15":0.9596,"16":0.99,"17":0.99,"18":1.05,"19":1.01,"20":1.0,"21":0.9666,"22":0.9879,"23":1.0,"24":0.9736,"25":0.9786,"26":1.03,"27":0.95,"28":0.95},"l":{"0":0.99,"1":0.991,"2":0.9937,"3":0.9937,"4":0.9877,"5":0.9707,"6":0.975,"7":0.97,"8":0.97,"9":0.96,"10":0.96,"11":0.9277,"12":0.93,"13":0.93,"14":0.9277,"15":0.94,"16":0.94,"17":0.96,"18":0.97,"19":0.99,"20":0.95,"21":0.9502,"22":0.9879,"23":0.9592,"24":0.9575,"25":0.9786,"26":0.911,"27":0.95,"28":0.9245},"t":{"0":1694616300000,"1":1694675700000,"2":1694705400000,"3":1694764800000,"4":1694794500000,"5":1695032100000,"6":1695061800000,"7":1695121200000,"8":1695150900000,"9":1695210300000,"10":1695240000000,"11":1695299400000,"12":1695358800000,"13":1695388500000,"14":1695626100000,"15":1695655800000,"16":1695715200000,"17":1695744900000,"18":1695804300000,"19":1695834000000,"20":1695893400000,"21":1695923100000,"22":1695952800000,"23":1695982500000,"24":1696012200000,"25":1696220100000,"26":1696249800000,"27":1696309200000,"28":1696338900000},"n":{"0":392,"1":219,"2":306,"3":174,"4":399,"5":451,"6":238,"7":580,"8":189,"9":937,"10":3,"11":1087,"12":6,"13":489,"14":88,"15":335,"16":238,"17":334,"18":447,"19":225,"20":574,"21":310,"22":1,"23":486,"24":122,"25":2,"26":1701,"27":2,"28":493}}