{"v":{"0":6402.0,"1":14379.0,"2":7721.0,"3":151.0,"4":6892.0,"5":3085.0,"6":19040.0,"7":5106.0,"8":2296.0,"9":294.0,"10":11280.0,"11":4270.0,"12":7287.0,"13":18088.0,"14":100.0,"15":7756.0,"16":3119.0,"17":8743.0,"18":6955.0,"19":56395.0,"20":20595.0,"21":100.0},"vw":{"0":1.1365,"1":1.1273,"2":1.1192,"3":1.1,"4":1.119,"5":1.1087,"6":1.0898,"7":1.094,"8":1.079,"9":1.058,"10":1.063,"11":1.0804,"12":1.0683,"13":1.0792,"14":1.12,"15":1.081,"16":1.0987,"17":1.0867,"18":1.0456,"19":1.021,"20":0.9888,"21":1.02},"o":{"0":1.15,"1":1.1101,"2":1.13,"3":1.1,"4":1.12,"5":1.11,"6":1.1,"7":1.12,"8":1.1063,"9":1.05,"10":1.08,"11":1.07,"12":1.06,"13":1.05,"14":1.12,"15":1.1,"16":1.12,"17":1.1169,"18":1.06,"19":1.0,"20":1.02,"21":1.02},"c":{"0":1.11,"1":1.16,"2":1.14,"3":1.1,"4":1.12,"5":1.1,"6":1.08,"7":1.07,"8":1.07,"9":1.07,"10":1.05,"11":1.0822,"12":1.06,"13":1.08,"14":1.12,"15":1.1,"16":1.07,"17":1.06,"18":1.04,"19":1.015,"20":1.08,"21":1.02},"h":{"0":1.17,"1":1.16,"2":1.14,"3":1.1,"4":1.15,"5":1.12,"6":1.13,"7":1.15,"8":1.1063,"9":1.07,"10":1.08,"11":1.1,"12":1.0822,"13":1.1,"14":1.12,"15":1.11,"16":1.12,"17":1.1169,"18":1.06,"19":1.07,"20":1.08,"21":1.02},"l":{"0":1.1083,"1":1.09,"2":1.09,"3":1.1,"4":1.1,"5":1.1,"6":1.07,"7":1.07,"8":1.07,"9":1.05,"10":1.05,"11":1.05,"12":1.05,"13":1.05,"14":1.12,"15":1.05,"16":1.07,"17":1.06,"18":1.03,"19":0.9801,"20":0.97,"21":1.02},"t":{"0":1695013200000,"1":1695048300000,"2":1695118500000,"3":1695153600000,"4":1695188700000,"5":1695223800000,"6":1695294000000,"7":1695364200000,"8":1695399300000,"9":1695609900000,"10":1695645000000,"11":1695715200000,"12":1695750300000,"13":1695820500000,"14":1695855600000,"15":1695890700000,"16":1695925800000,"17":1695996000000,"18":1696241700000,"19":1696311900000,"20":1696347000000,"21":1696382100000},"n":{"0":22,"1":77,"2":86,"3":1,"4":51,"5":30,"6":65,"7":37,"8":17,"9":5,"10":71,"11":32,"12":34,"13":54,"14":1,"15":31,"16":31,"17":67,"18":63,"19":94,"20":152,"21":1},"sma_20":{"0":1.13211,"1":1.12961,"2":1.12561,"3":1.12061,"4":1.11761,"5":1.11361,"6":1.10911,"7":1.10261,"8":1.10111,"9":1.09861,"10":1.09661,"11":1.09522,"12":1.09322,"13":1.09272,"14":1.09272,"15":1.09222,"16":1.09411,"17":1.09461,"18":1.09161,"19":1.08486,"20":1.08336,"21":1.07636},"sma_50":{"0":1.155148,"1":1.155548,"2":1.155348,"3":1.153948,"4":1.152748,"5":1.150348,"6":1.146748,"7":1.143748,"8":1.139348,"9":1.136948,"10":1.134348,"11":1.132592,"12":1.129592,"13":1.129092,"14":1.128092,"15":1.127192,"16":1.125992,"17":1.124992,"18":1.123692,"19":1.122192,"20":1.121992,"21":1.12179},"sma_100":{"0":1.279127,"1":1.274327,"2":1.270127,"3":1.264727,"4":1.259427,"5":1.254003,"6":1.248203,"7":1.243202,"8":1.238202,"9":1.233102,"10":1.227602,"11":1.222433,"12":1.217033,"13":1.211932,"14":1.207032,"15":1.202232,"16":1.197925,"17":1.193325,"18":1.188725,"19":1.183075,"20":1.178775,"21":1.173875},"rsi":{"0":47.5053889271,"1":52.7043315796,"2":50.5478408828,"3":46.453929699,"4":48.6915154216,"5":46.5946395691,"6":44.529488543,"7":43.4915411417,"8":43.4915411417,"9":43.4915411417,"10":41.0985651335,"11":46.2283318589,"12":43.4206381451,"13":46.5690812795,"14":52.2876023919,"15":49.4384813732,"16":45.4388882922,"17":44.1565309521,"18":41.6262797368,"19":38.6452933038,"20":48.8930812552,"21":41.9309868657},"upper_bb":{"0":1.2392014985,"1":1.231240702,"2":1.2181523351,"3":1.2068183132,"4":1.1991666939,"5":1.1899640203,"6":1.1820006867,"7":1.1635855741,"8":1.1638076001,"9":1.1621183053,"10":1.1636794816,"11":1.1622733362,"12":1.1620360202,"13":1.161779413,"14":1.161779413,"15":1.1608963761,"16":1.1577256187,"17":1.1569094433,"18":1.1584310462,"19":1.154077351,"20":1.1515764481,"21":1.1400448292},"lower_bb":{"0":1.0250185015,"1":1.027979298,"2":1.0330676649,"3":1.0344016868,"4":1.0360533061,"5":1.0372559797,"6":1.0362193133,"7":1.0416344259,"8":1.0384123999,"9":1.0351016947,"10":1.0295405184,"11":1.0281666638,"12":1.0244039798,"13":1.023660587,"14":1.023660587,"15":1.0235436239,"16":1.0304943813,"17":1.0323105567,"18":1.0247889538,"19":1.015642649,"20":1.0151435519,"21":1.0126751708},"e26":{"0":1.1312987632,"1":1.1334247807,"2":1.133911834,"3":1.1313998463,"4":1.1305554133,"5":1.1282920493,"6":1.1247148605,"7":1.1206619078,"8":1.1169091739,"9":1.1134344203,"10":1.1087355744,"11":1.1067699763,"12":1.1033055336,"13":1.1015791978,"14":1.1029437016,"15":1.1027256497,"16":1.1003015275,"17":1.0973162291,"18":1.0930705825,"19":1.0872875764,"20":1.0867477559,"21":1.0818034777},"e12":{"0":1.1103035192,"1":1.1179491316,"2":1.1213415729,"3":1.118058254,"4":1.1183569841,"5":1.1155328327,"6":1.1100662431,"7":1.1039022057,"8":1.0986864817,"9":1.0942731769,"10":1.0874619189,"11":1.0866523929,"12":1.0825520248,"13":1.0821594056,"14":1.0879810355,"15":1.0898301069,"16":1.0867793213,"17":1.0826594257,"18":1.0760964371,"19":1.0666969853,"20":1.0687436029,"21":1.0612445871},"MACD":{"0":-0.020995244,"1":-0.0154756491,"2":-0.0125702611,"3":-0.0133415923,"4":-0.0121984291,"5":-0.0127592166,"6":-0.0146486174,"7":-0.0167597022,"8":-0.0182226922,"9":-0.0191612435,"10":-0.0212736555,"11":-0.0201175834,"12":-0.0207535088,"13":-0.0194197922,"14":-0.0149626661,"15":-0.0128955427,"16":-0.0135222062,"17":-0.0146568034,"18":-0.0169741454,"19":-0.0205905912,"20":-0.018004153,"21":-0.0205588906},"e9":{"0":-0.0216553393,"1":-0.0204194013,"2":-0.0188495733,"3":-0.0177479771,"4":-0.0166380675,"5":-0.0158622973,"6":-0.0156195613,"7":-0.0158475895,"8":-0.01632261,"9":-0.0168903367,"10":-0.0177670005,"11":-0.018237117,"12":-0.0187403954,"13":-0.0188762748,"14":-0.018093553,"15":-0.017053951,"16":-0.016347602,"17":-0.0160094423,"18":-0.0162023829,"19":-0.0170800246,"20":-0.0172648503,"21":-0.0179236583},"HIST":{"0":0.0006600953,"1":0.0049437522,"2":0.0062793121,"3":0.0044063848,"4":0.0044396384,"5":0.0031030807,"6":0.0009709439,"7":-0.0009121127,"8":-0.0019000822,"9":-0.0022709067,"10":-0.003506655,"11":-0.0018804663,"12":-0.0020131134,"13":-0.0005435174,"14":0.0031308869,"15":0.0041584083,"16":0.0028253958,"17":0.0013526389,"18":-0.0007717625,"19":-0.0035105666,"20":-0.0007393028,"21":-0.0026352323}}