{"v":{"0":27681.7,"1":54469.1,"2":1004.8,"3":40.0,"4":1201.2,"5":29675.6,"6":51371.1,"7":75859.4,"8":187.0,"9":1164.6,"10":29017.2,"11":15363.6,"12":51589.8,"13":603.8,"14":1911.2,"15":2863563.1999999997,"16":1244206.3999999999,"17":312260.3000000001,"18":54089.3,"19":7183.8,"20":64684.6,"21":249363.9,"22":105820.9,"23":61164.1,"24":6801.4,"25":460.5,"26":4066.2,"27":78320.6,"28":82568.6,"29":119227.0,"30":13577.9,"31":3746.4,"32":16668.1,"33":110985.7,"34":67564.4,"35":4659.9,"36":1430.0,"37":10.0,"38":2612.6,"39":152159.9,"40":70340.8,"41":41014.4,"42":1530.8,"43":2794.7,"44":149326.4},"vw":{"0":1.1545,"1":1.1452,"2":1.135,"3":1.1145,"4":1.1229,"5":1.1403,"6":1.103,"7":1.1016,"8":1.0701,"9":1.1229,"10":1.1316,"11":1.1589,"12":1.1762,"13":1.1663,"14":1.2005,"15":1.7894,"16":1.4078,"17":1.2484,"18":1.2049,"19":1.1911,"20":1.1496,"21":1.1068,"22":1.097,"23":1.141,"24":1.1447,"25":1.1409,"26":1.1491,"27":1.1114,"28":1.0939,"29":1.0851,"30":1.0658,"31":1.0874,"32":1.0695,"33":1.082,"34":1.0742,"35":1.0736,"36":1.0764,"37":1.116,"38":1.0873,"39":1.1028,"40":1.1002,"41":1.0787,"42":1.0741,"43":1.147,"44":1.0371},"o":{"0":1.151,"1":1.145,"2":1.14,"3":1.1,"4":1.12,"5":1.147,"6":1.12,"7":1.081,"8":1.066,"9":1.06,"10":1.15,"11":1.1685,"12":1.17,"13":1.143,"14":1.22,"15":1.21,"16":1.63,"17":1.286,"18":1.22,"19":1.2,"20":1.2,"21":1.121,"22":1.08,"23":1.11,"24":1.17,"25":1.14,"26":1.181,"27":1.14,"28":1.0965,"29":1.091,"30":1.07,"31":1.1,"32":1.08,"33":1.06,"34":1.072,"35":1.09,"36":1.076,"37":1.116,"38":1.11,"39":1.051,"40":1.147,"41":1.073,"42":1.071,"43":1.15,"44":1.069},"c":{"0":1.158,"1":1.17,"2":1.126,"3":1.158,"4":1.148,"5":1.13,"6":1.085,"7":1.065,"8":1.07,"9":1.114,"10":1.19,"11":1.16,"12":1.142,"13":1.149,"14":1.226,"15":1.621,"16":1.299,"17":1.22,"18":1.2,"19":1.161,"20":1.12,"21":1.08,"22":1.128,"23":1.15,"24":1.14,"25":1.181,"26":1.14,"27":1.105,"28":1.092,"29":1.096,"30":1.06,"31":1.079,"32":1.061,"33":1.072,"34":1.09,"35":1.08,"36":1.079,"37":1.116,"38":1.091,"39":1.148,"40":1.08,"41":1.071,"42":1.09,"43":1.1,"44":1.032},"h":{"0":1.167,"1":1.17,"2":1.169,"3":1.158,"4":1.169,"5":1.19,"6":1.159,"7":1.155,"8":1.075,"9":1.215,"10":1.19,"11":1.2,"12":1.215,"13":1.194,"14":1.226,"15":2.2,"16":1.67,"17":1.299,"18":1.263,"19":1.26,"20":1.22,"21":1.1863,"22":1.153,"23":1.2,"24":1.17,"25":1.181,"26":1.195,"27":1.169,"28":1.14,"29":1.135,"30":1.093,"31":1.104,"32":1.1,"33":1.111,"34":1.1,"35":1.09,"36":1.08,"37":1.116,"38":1.12,"39":1.2,"40":1.147,"41":1.14,"42":1.09,"43":1.16,"44":1.1},"l":{"0":1.135,"1":1.13,"2":1.122,"3":1.1,"4":1.1,"5":1.107,"6":1.08,"7":1.06,"8":1.066,"9":1.06,"10":1.103,"11":1.14,"12":1.142,"13":1.143,"14":1.2,"15":1.188,"16":1.25,"17":1.2,"18":1.15,"19":1.15,"20":1.112,"21":1.065,"22":1.067,"23":1.101,"24":1.14,"25":1.14,"26":1.14,"27":1.086,"28":1.07,"29":1.07,"30":1.055,"31":1.01,"32":1.02,"33":1.051,"34":1.06,"35":1.064,"36":1.06,"37":1.116,"38":1.05,"39":1.05,"40":1.066,"41":1.064,"42":1.07,"43":1.086,"44":1.011},"t":{"0":1690380000000,"1":1690391700000,"2":1690403400000,"3":1690438500000,"4":1690450200000,"5":1690461900000,"6":1690473600000,"7":1690485300000,"8":1690497000000,"9":1690532100000,"10":1690543800000,"11":1690555500000,"12":1690567200000,"13":1690578900000,"14":1690789500000,"15":1690801200000,"16":1690812900000,"17":1690824600000,"18":1690836300000,"19":1690871400000,"20":1690883100000,"21":1690894800000,"22":1690906500000,"23":1690918200000,"24":1690929900000,"25":1690953300000,"26":1690965000000,"27":1690976700000,"28":1690988400000,"29":1691000100000,"30":1691011800000,"31":1691046900000,"32":1691058600000,"33":1691070300000,"34":1691082000000,"35":1691093700000,"36":1691105400000,"37":1691128800000,"38":1691140500000,"39":1691152200000,"40":1691163900000,"41":1691175600000,"42":1691187300000,"43":1691397900000,"44":1691409600000},"n":{"0":363,"1":805,"2":18,"3":2,"4":16,"5":460,"6":703,"7":543,"8":4,"9":46,"10":379,"11":206,"12":302,"13":11,"14":10,"15":28480,"16":10278,"17":2790,"18":295,"19":111,"20":559,"21":2573,"22":1193,"23":522,"24":22,"25":2,"26":50,"27":765,"28":1277,"29":1264,"30":53,"31":54,"32":164,"33":1068,"34":970,"35":22,"36":7,"37":1,"38":33,"39":1325,"40":716,"41":844,"42":12,"43":29,"44":1443}}