{"v":{"0":1469,"1":11599,"2":61608,"3":61310,"4":3900,"5":763488,"6":433718,"7":161338,"8":1397,"9":527,"10":50998,"11":122058,"12":67046,"13":1253,"14":25865,"15":35625,"16":41563,"17":244,"18":8393,"19":55174,"20":46228},"vw":{"0":2.6924,"1":2.718,"2":2.407,"3":2.0752,"4":2.0443,"5":1.899,"6":1.9918,"7":2.0308,"8":2.0226,"9":2.05,"10":2.0146,"11":2.008,"12":2.0119,"13":1.9393,"14":2.0299,"15":2.0014,"16":2.0732,"17":2.09,"18":2.092,"19":2.0036,"20":1.9798},"o":{"0":2.67,"1":2.7,"2":2.77,"3":2.07,"4":2.09,"5":2.09,"6":1.953,"7":2.0301,"8":2.0,"9":2.05,"10":2.055,"11":2.0,"12":1.99,"13":1.94,"14":1.97,"15":2.02,"16":1.99,"17":2.09,"18":2.1,"19":2.08,"20":2.0},"c":{"0":2.64,"1":2.72,"2":2.06,"3":2.0885,"4":2.05,"5":1.93,"6":2.05,"7":1.99,"8":2.03,"9":2.05,"10":2.0,"11":1.995,"12":2.04,"13":1.94,"14":2.02,"15":2.01,"16":2.12,"17":2.09,"18":2.08,"19":1.995,"20":1.96},"h":{"0":2.75,"1":2.76,"2":2.77,"3":2.09,"4":2.09,"5":2.09,"6":2.07,"7":2.06,"8":2.03,"9":2.05,"10":2.1,"11":2.07,"12":2.05,"13":1.94,"14":2.0597,"15":2.03,"16":2.12,"17":2.09,"18":2.1,"19":2.08,"20":2.0},"l":{"0":2.64,"1":2.68,"2":2.05,"3":2.06,"4":2.03,"5":1.5,"6":1.92,"7":1.9,"8":2.0,"9":2.05,"10":1.93,"11":1.96,"12":1.99,"13":1.94,"14":1.97,"15":1.99,"16":1.99,"17":2.09,"18":2.03,"19":1.95,"20":1.96},"t":{"0":1695758400000,"1":1695821400000,"2":1695834000000,"3":1695846600000,"4":1695884400000,"5":1695897000000,"6":1695909600000,"7":1695922200000,"8":1695934800000,"9":1695972600000,"10":1695985200000,"11":1695997800000,"12":1696010400000,"13":1696237200000,"14":1696249800000,"15":1696262400000,"16":1696275000000,"17":1696312800000,"18":1696325400000,"19":1696338000000,"20":1696350600000},"n":{"0":14,"1":45,"2":262,"3":91,"4":9,"5":2682,"6":1988,"7":1050,"8":4,"9":2,"10":134,"11":356,"12":337,"13":5,"14":115,"15":167,"16":112,"17":2,"18":13,"19":232,"20":281},"sma_20":{"0":2.832665,"1":2.818165,"2":2.771665,"3":2.73059,"4":2.68609,"5":2.63409,"6":2.59109,"7":2.54609,"8":2.50469,"9":2.46019,"10":2.41869,"11":2.37819,"12":2.34619,"13":2.30869,"14":2.26968,"15":2.230175,"16":2.194675,"17":2.161175,"18":2.128675,"19":2.094925,"20":2.060925},"sma_50":{"0":3.139476,"1":3.122476,"2":3.095376,"3":3.066746,"4":3.037746,"5":3.010348,"6":2.982948,"7":2.953148,"8":2.923348,"9":2.893748,"10":2.863948,"11":2.833448,"12":2.805246,"13":2.774492,"14":2.745096,"15":2.716096,"16":2.689096,"17":2.661096,"18":2.634696,"19":2.606596,"20":2.579836},"sma_100":{"0":3.169558,"1":3.170158,"2":3.164058,"3":3.157743,"4":3.151943,"5":3.145243,"6":3.139343,"7":3.130243,"8":3.121093,"9":3.111793,"10":3.101493,"11":3.089884,"12":3.079684,"13":3.065684,"14":3.053884,"15":3.041984,"16":3.030784,"17":3.019984,"18":3.008834,"19":2.996484,"20":2.983967},"rsi":{"0":30.9333275347,"1":38.2575304464,"2":19.6983165086,"3":21.4699110868,"4":20.802258205,"5":18.8361073406,"6":26.3342963058,"7":25.0863779797,"8":27.5512192119,"9":28.8124281,"10":27.5224914594,"11":27.3904312222,"12":30.6171680256,"13":27.6740077515,"14":33.2057583216,"15":32.8673603806,"16":40.0988361946,"17":38.8691027549,"18":38.4458574061,"19":34.9610720789,"20":33.6101487091},"upper_bb":{"0":3.0574217131,"1":3.0318985801,"2":3.1607344987,"3":3.2189527509,"4":3.2503988997,"5":3.2747473496,"6":3.2681818523,"7":3.2582572686,"8":3.2365078344,"9":3.1887849821,"10":3.1531229682,"11":3.112260666,"12":3.0806625251,"13":3.0458319885,"14":2.9793680281,"15":2.9025230674,"16":2.8058671289,"17":2.7124051339,"18":2.6110402553,"19":2.5071761083,"20":2.3870651499},"lower_bb":{"0":2.6079082869,"1":2.6044314199,"2":2.3825955013,"3":2.2422272491,"4":2.1217811003,"5":1.9934326504,"6":1.9139981477,"7":1.8339227314,"8":1.7728721656,"9":1.7315950179,"10":1.6842570318,"11":1.644119334,"12":1.6117174749,"13":1.5715480115,"14":1.5599919719,"15":1.5578269326,"16":1.5834828711,"17":1.6099448661,"18":1.6463097447,"19":1.6826738917,"20":1.7347848501},"e26":{"0":2.8895771854,"1":2.8770159124,"2":2.8164962152,"3":2.7625705696,"4":2.7097875645,"5":2.6520255227,"6":2.6074310395,"7":2.561695407,"8":2.522310562,"9":2.4873245944,"10":2.4512264763,"11":2.4174319225,"12":2.3894740023,"13":2.3561796318,"14":2.3312774369,"15":2.3074791082,"16":2.2935917668,"17":2.2785108952,"18":2.2638063845,"19":2.2438948004,"20":2.222865556},"e12":{"0":2.7681603419,"1":2.7607510585,"2":2.6529432033,"3":2.5661057874,"4":2.4867048971,"5":2.4010579898,"6":2.3470490683,"7":2.2921184424,"8":2.2517925282,"9":2.2207475239,"10":2.1867863663,"11":2.1572807715,"12":2.1392375759,"13":2.1085856411,"14":2.094957081,"15":2.0818867608,"16":2.0877503361,"17":2.0880964382,"18":2.0868508323,"19":2.0727199351,"20":2.0553784066},"MACD":{"0":-0.1214168436,"1":-0.1162648539,"2":-0.1635530119,"3":-0.1964647822,"4":-0.2230826674,"5":-0.2509675328,"6":-0.2603819712,"7":-0.2695769645,"8":-0.2705180338,"9":-0.2665770706,"10":-0.26444011,"11":-0.260151151,"12":-0.2502364264,"13":-0.2475939906,"14":-0.2363203559,"15":-0.2255923474,"16":-0.2058414308,"17":-0.190414457,"18":-0.1769555521,"19":-0.1711748654,"20":-0.1674871494},"e9":{"0":-0.119754929,"1":-0.119056914,"2":-0.1279561336,"3":-0.1416578633,"4":-0.1579428241,"5":-0.1765477659,"6":-0.1933146069,"7":-0.2085670784,"8":-0.2209572695,"9":-0.2300812297,"10":-0.2369530058,"11":-0.2415926348,"12":-0.2433213931,"13":-0.2441759126,"14":-0.2426048013,"15":-0.2392023105,"16":-0.2325301346,"17":-0.224106999,"18":-0.2146767097,"19":-0.2059763408,"20":-0.1982785025},"HIST":{"0":-0.0016619146,"1":0.00279206,"2":-0.0355968783,"3":-0.0548069189,"4":-0.0651398433,"5":-0.074419767,"6":-0.0670673643,"7":-0.0610098861,"8":-0.0495607643,"9":-0.0364958408,"10":-0.0274871042,"11":-0.0185585162,"12":-0.0069150333,"13":-0.003418078,"14":0.0062844454,"15":0.0136099631,"16":0.0266887038,"17":0.033692542,"18":0.0377211575,"19":0.0348014754,"20":0.0307913531}}