{"v":{"0":120.0,"1":6548.0,"2":117634.0,"3":58497.0,"4":100.0,"5":154203.0,"6":34915.0,"7":117537.0,"8":88680.0,"9":14748.0,"10":250333.0,"11":369.0,"12":512104.0,"13":98915.0,"14":118171.0,"15":67796.0,"16":46658.0,"17":113980.0,"18":460.0,"19":194552.0,"20":164318.0,"21":284904.0,"22":65515.0,"23":190506.0,"24":251449.0,"25":1200.0,"26":239003.0,"27":25056.0,"28":700.0,"29":484556.0,"30":157424.0,"31":67827.0,"32":66937.0},"vw":{"0":0.9977,"1":1.0178,"2":0.9963,"3":0.9901,"4":0.9899,"5":0.9856,"6":0.9813,"7":0.9794,"8":0.9739,"9":0.9822,"10":0.9705,"11":0.9615,"12":0.9413,"13":0.9364,"14":0.9541,"15":0.9598,"16":0.9405,"17":0.9441,"18":0.9476,"19":0.9678,"20":0.9806,"21":1.0204,"22":0.9997,"23":0.9718,"24":0.9595,"25":0.9647,"26":0.9728,"27":0.9627,"28":0.9786,"29":0.9454,"30":0.9252,"31":0.9333,"32":0.9347},"o":{"0":0.9977,"1":1.01,"2":1.0,"3":0.99,"4":0.9899,"5":0.98,"6":0.9825,"7":0.9714,"8":0.975,"9":0.9729,"10":0.985,"11":0.96,"12":0.96,"13":0.9379,"14":0.989,"15":0.9601,"16":0.94,"17":0.944,"18":0.94,"19":0.94,"20":0.97,"21":0.97,"22":1.0057,"23":0.99,"24":0.97,"25":0.9879,"26":0.97,"27":0.96365,"28":0.9786,"29":0.9737,"30":0.92,"31":0.95,"32":0.9335},"c":{"0":0.9977,"1":1.02,"2":0.99005,"3":0.99,"4":0.9899,"5":0.9807,"6":0.9777,"7":0.975,"8":0.973,"9":0.985,"10":0.9605,"11":0.9601,"12":0.9379,"13":0.934,"14":0.97,"15":0.958,"16":0.94415,"17":0.9596,"18":0.9698,"19":0.97,"20":0.99,"21":1.0083,"22":1.0,"23":0.97,"24":0.956,"25":0.96,"26":0.96,"27":0.96,"28":0.9786,"29":0.916,"30":0.945,"31":0.93,"32":0.95},"h":{"0":0.9977,"1":1.02,"2":1.01,"3":0.998,"4":0.9899,"5":0.9998,"6":0.989,"7":0.9937,"8":0.986949,"9":0.9979,"10":0.99035,"11":0.9637,"12":0.98,"13":0.94,"14":0.99,"15":0.9695,"16":0.964466,"17":0.9596,"18":0.9698,"19":0.99,"20":0.99,"21":1.05,"22":1.01,"23":1.0,"24":0.9708,"25":0.9888,"26":1.0,"27":0.9736,"28":0.9786,"29":1.03,"30":0.9499,"31":0.95,"32":0.95},"l":{"0":0.9977,"1":1.01,"2":0.99,"3":0.9877,"4":0.9899,"5":0.9707,"6":0.975,"7":0.9707,"8":0.97,"9":0.9701,"10":0.96,"11":0.96,"12":0.9277,"13":0.9315,"14":0.93,"15":0.95,"16":0.9277,"17":0.94,"18":0.94,"19":0.94,"20":0.97,"21":0.97,"22":0.99,"23":0.9699,"24":0.95,"25":0.96,"26":0.9592,"27":0.9575,"28":0.9786,"29":0.911,"30":0.9157,"31":0.9245,"32":0.93},"t":{"0":1694725200000,"1":1694764800000,"2":1694784600000,"3":1694804400000,"4":1695022200000,"5":1695042000000,"6":1695061800000,"7":1695121200000,"8":1695141000000,"9":1695200400000,"10":1695220200000,"11":1695240000000,"12":1695299400000,"13":1695319200000,"14":1695378600000,"15":1695398400000,"16":1695636000000,"17":1695655800000,"18":1695715200000,"19":1695735000000,"20":1695754800000,"21":1695814200000,"22":1695834000000,"23":1695893400000,"24":1695913200000,"25":1695972600000,"26":1695992400000,"27":1696012200000,"28":1696230000000,"29":1696249800000,"30":1696269600000,"31":1696329000000,"32":1696348800000},"n":{"0":1,"1":4,"2":381,"3":188,"4":1,"5":450,"6":238,"7":312,"8":457,"9":115,"10":822,"11":3,"12":833,"13":254,"14":239,"15":256,"16":88,"17":335,"18":4,"19":377,"20":191,"21":447,"22":225,"23":161,"24":723,"25":3,"26":484,"27":122,"28":2,"29":1137,"30":564,"31":208,"32":287}}