{"v":{"0":2383.0,"1":14694.0,"2":76934.0,"3":6970.0,"4":8449.0,"5":11717.0,"6":275.0,"7":5359.0,"8":15649.0,"9":78887.0,"10":37811.0,"11":56092.0,"12":39390.0,"13":4340.0,"14":145558.0,"15":1062.0,"16":28328.0,"17":30351.0,"18":30720.0,"19":20360.0},"vw":{"0":0.9244,"1":1.0128,"2":0.9566,"3":0.9617,"4":0.9496,"5":0.9705,"6":0.9501,"7":0.9557,"8":0.9551,"9":1.0043,"10":1.0492,"11":1.0835,"12":1.0106,"13":1.0515,"14":1.1174,"15":1.1707,"16":1.1758,"17":1.1416,"18":1.0923,"19":1.1379},"o":{"0":0.92,"1":0.96,"2":1.04,"3":0.95,"4":0.9828,"5":0.9226,"6":0.9501,"7":0.95,"8":0.965,"9":0.98,"10":1.03,"11":1.07,"12":1.1,"13":1.05,"14":1.02,"15":1.165,"16":1.18,"17":1.1765,"18":1.15,"19":1.12},"c":{"0":0.9107,"1":1.01,"2":0.96,"3":0.98,"4":0.9182,"5":0.97185,"6":0.9501,"7":0.96,"8":0.97,"9":1.0168,"10":1.06,"11":1.103,"12":0.97,"13":1.03,"14":1.16,"15":1.18,"16":1.185,"17":1.15,"18":1.0992,"19":1.2},"h":{"0":0.9592,"1":1.05,"2":1.04,"3":0.994399,"4":0.9828,"5":1.0,"6":0.9501,"7":0.9841,"8":0.971,"9":1.03,"10":1.08,"11":1.12,"12":1.1001,"13":1.06,"14":1.1999,"15":1.18,"16":1.1999,"17":1.1872,"18":1.15,"19":1.2},"l":{"0":0.89084,"1":0.96,"2":0.9029,"3":0.92,"4":0.91,"5":0.9226,"6":0.9501,"7":0.94,"8":0.93,"9":0.92,"10":1.0,"11":1.03,"12":0.96,"13":1.03,"14":1.0,"15":1.16,"16":1.13,"17":1.08,"18":1.08,"19":1.1},"t":{"0":1695319200000,"1":1695364200000,"2":1695386700000,"3":1695409200000,"4":1695634200000,"5":1695656700000,"6":1695679200000,"7":1695724200000,"8":1695746700000,"9":1695814200000,"10":1695836700000,"11":1695904200000,"12":1695926700000,"13":1695971700000,"14":1695994200000,"15":1696016700000,"16":1696241700000,"17":1696264200000,"18":1696331700000,"19":1696354200000},"n":{"0":15,"1":25,"2":180,"3":55,"4":21,"5":54,"6":1,"7":36,"8":56,"9":133,"10":101,"11":125,"12":48,"13":11,"14":251,"15":17,"16":71,"17":102,"18":81,"19":52}}